win_rate,id,num_games_played
0.5714285714285714,20231110152853,7
0.2727272727272727,player remains,11
1.0,20231110152957,1
1.0,20231110153003,1
0.6,20231110153034,5
0.6,20231110153101,5
1.0,20231110153108,1
1.0,20231110153111,1
1.0,20231110153119,1
