win_rate,id,num_games_played
0.5555555555555556,20231111182158,18
0.6,20231111182426,10
0.5714285714285714,20231111182734,14
0.5148514851485149,player remains after 2.5k games,101
0.5247524752475248,player remains after 2.5k games,101
0.4554455445544554,player remains after 2.5k games,101
0.7,20231112125047,10
0.5384615384615384,20231128215722,13
