win_rate,id,num_games_played
0.48900439824070374,player remains after 2.5k games,2501
0.57,20231117022828,100
0.57,20231117030023,100
0.5528455284552846,20231117033945,123
0.6,20231117041049,100
0.55,20231117044127,100
